{
    "threshold": 0.8282828282828284,
    "accuracy": 0.9040404040404041,
    "precision": 0.8703703703703703,
    "recall": 0.9494949494949495,
    "f1": 0.9082125603864735,
    "far": 0.1414141414141414,
    "frr": 0.050505050505050504,
    "same_id_pairs": 99,
    "diff_id_pairs": 99,
    "true_positive": 94,
    "true_negative": 85,
    "false_positive": 14,
    "false_negative": 5,
    "best_threshold": 0.8282828282828284,
    "best_accuracy": 0.9393939393939394,
    "eer": 0.07575757575757576,
    "eer_threshold": 0.8383838383838385,
    "roc_auc": 0.9808182838485869
}